Workbook

Sheet スケジュール（1日）
B2: ="コースプラン/インストラクションガイド 「"&master!$B$1&"_IG」" -> コースプラン/インストラクションガイド 「AI Native-バイブコーディング_IG」
B4: 科目修了条件
B7: スケジュール
C9: 1 日目
A10: 0.39583333 | B10: 0.39583333 | C10: オリエンテーション | G10: ｐ
B11: 0.40625 | C11: =master!B3 -> 講義の目的
A12: 0.41666667 | G12: ｐ
B14: 0.4375 | C14: =master!B4 -> Webアプリケーションとは
A16: 0.45833333
B17: 0.46875 | C17: =master!B13 -> 0
B19: 0.48958333 | C19: =master!B18 -> 0
A20: 0.5 | B20: 0.5 | C20: =master!B23 -> 0
B22: 0.52083333 | C22: お昼休み
A24: 0.54166667
B26: 0.5625
B27: 0.57291667 | C27: =master!#REF! -> #REF!
A28: 0.58333333
B29: 0.59375 | C29: =master!#REF! -> #REF!
A32: 0.625
B34: 0.60416667 | C34: =master!#REF! -> #REF!
A36: 0.66666667
A40: 0.70833333 | B40: 0.70833333 | C40: ゲームプレゼン
B43: 0.73958333 | C43: 予備 | G43: ｐ

Sheet 特記イベント
B2: 特記イベント
B4: 講師の事前準備
B7: 番号 | D7: 講師用資料の保存先 | F7: 配布タイミング | G7: 配布形式
B8: 共通1 | C8: オリエンテーション用資材 | D8: － | F8: 不要 | G8: 電子
C11: テーマ | D11: 主なポイント | G11: 使用教材 | H11: 環境 | I11: 共通 | K11: 実施上のの注意点
I12: 可否 | J12: 時間
C13: オリエンテーション | D13: ・教材のダウンロード ・本科目の概要説明 科目の位置づけや目的、全体スケジュールの説明 | G13: ・共通1 | I13: ○ | J13: 0.010416667
C14: アンケート | D14: ・アンケートの実施 | G14: ・共通1 | I14: ○ | J14: 0.0069444444

Sheet 講義
B2: 講義
B4: 講師の事前準備
B8: 番号 | C8: 使用教材 | D8: 研修ファイルサーバの保存先 | F8: 配布タイミング | G8: 配布形式
B9: AI-01 | C9: 【AI Native研修-バイブコーディング①】WebとDBとJavaとSpring.pptx | D9: － | F9: 済 | G9: 電子
B10: AI-02 | C10: 【AI Native研修-バイブコーディング②】システム開発プロセス.pptx | D10: － | F10: 済 | G10: 電子
B11: AI-03 | C11: 【AI Native研修-バイブコーディング③】単体テストとJUnit.pptx | D11: － | F11: 済 | G11: 電子
B12: AI-04 | C12: 【AI Native研修-バイブコーディング】演習課題1 JavaでECサイト APを作成.pptx | D12: － | F12: 済 | G12: 電子
B13: AI-05 | C13: 【AI Native研修-バイブコーディング】演習課題2 JUnitで単体テスト.pptx | D13: － | F13: 済 | G13: 電子
B14: AI-06 | C14: 【AI Native研修】GitHubCopilotのLLM選択についての説明.pptx | D14: － | F14: 済 | G14: 電子
B15: AI-07 | C15: 【AI Native研修】Gitについての説明.pptx | D15: － | F15: 済 | G15: 電子
B16: AI-08 | C16: 【AI Native研修】Gitについての補足資材.pptx | D16: － | F16: 済 | G16: 電子
B17: 共通1 | F17: 済 | G17: 電子
B20: 章 | C20: テーマ | D20: 主なポイント | G20: 使用教材 | H20: 環境 | I20: 共通 | K20: 実施上の注意点
I21: 可否 | J21: 時間
B22: =master!B3 -> 講義の目的 | C22: =master!C3 -> 講義の目的 | D22: 以下の内容を伝える。 これから以下の内容について説明します。 ・Webアプリケーションの概要を理解する ・Webアプリケーションを開発する技術の概要を理解する 講義を聞くだけでなく、生成AIも積極的に活用してください。 分からない用語や仕組み、関連技術について生成AIに質問しながら学習することで、より理解を深めることができます。 生成AIを「答えを教えてもらうためのツール」ではなく、「理解を支援してくれる学習パートナー」として活用しながら受講してください。 | G22: ・AI-01 | I22: ○ | J22: 0.0020833333
B23: =master!B4 -> Webアプリケーションとは | C23: =master!C4 -> Webアプリケーションとは | D23: 以下の内容を詳細に説明する。 ・クライアントとサーバー ・リクエストとレスポンス クライアント：サービスを利用する側（利用者の端末やアプリケーション） サーバー：サービスを提供する側（データや機能を管理するシステム） リクエスト：クライアントからサーバーへの依頼 レスポンス：サーバーからクライアントへの応答 ※AmazonなどのWebアプリケーションを例に挙げ、わかりやすさを重視した説明をしてください。 | G23: ・AI-01 | I23: ○ | J23: 0.0034722222
C24: =master!C5 -> Webアプリケーションの種類 | D24: 「Web画面アプリケーション」、「WebAPIアプリケーション」について、以下の観点を説明する。 ・利用者と利用方法 ・構成 ・レスポンス ・具体例 | G24: ・AI-01 | I24: ○ | J24: 0.0034722222
C25: =master!C6 -> アプリケーションとは | D25: 図を中心にアプリケーションとハードウェアとの関係を説明する。 アプリケーションとは、「特定の作業を行うために開発されたソフトウェアプログラム」のこと | G25: ・AI-01 | I25: ○ | J25: 0.0020833333
C26: =master!C7 -> Web画面アプリケーション | D26: 図を中心に以下の用語を説明する。 ・ブラウザ ・HTML ※ここではレスポンスの話が中心 | G26: ・AI-01 | I26: ○ | J26: 0.0020833333
D27: ブラウザのデバッガでレスポンスを確認するデモを見せる。 ※レスポンスボディのHTMLを確認する | G27: ・AI-01 | I27: ○ | J27: 0.00069444444
C28: =master!C8 -> ブラウザからのリクエスト種類 | D28: HTTPメソッドとは、「クライアントがサーバーに対して何をしたいのか」を表す種類のこと ・GET:データの取得が目的 ・POST：データの送信が目的 ・PUT：データの更新が目的 ・DELETE：データの削除が目的 ※データ構造の説明は不要です。 | G28: ・AI-01 | I28: ○ | J28: 0.0020833333
B29: =master!B9 -> データベースとは | C29: =master!C9 -> データベースとは | D29: データベースとは、「データベースとは、データを効率的に保存・管理し、検索や更新を容易に行うために整理された情報の集まり」のこと 本研修では、「リレーショナルデータベース」を利用することを伝える。 ※データベースの形態の表があるが分類の粒度が不適切なので、サラッとながす。 | G29: ・AI-01 | I29: ○ | J29: 0.0020833333
C30: =master!C10 -> リレーショナルデータベース | D30: 以下の概要を説明する。 ・テーブル：関連するデータを表形式でまとめたもの ・行：1件分のデータ（横方向） ・列：データの項目（縦方向） ・関係：テーブル同士のつながり ・SQL：テーブルを操作するための言語 | G30: ・AI-01 | I30: ○ | J30: 0.0034722222
C31: =master!C11 -> データベースの役割 | D31: データの管理が主体であることを説明する。 | G31: ・AI-01 | I31: ○ | J31: 0.0034722222 | K31: ※アニメーション
C32: =master!C12 -> 2.1.テーブル | D32: 以下の概要を説明する。 ・テーブル：Excelのシート ・レコード：Excelの行 ・カラム：Excelの列 ・フィールド：Excelのセル | G32: ・AI-01 | I32: ○ | J32: 0.0020833333
C33: =master!C13 -> 2.2.データ型１ | D33: データ型とは、「データの性質や範囲などを定義する制約」のこと データ型の種類 ・数値型 ・文字列型 ・日付型 ・バイナリデータ型 etc. | G33: ・AI-01 | I33: ○ | J33: 0.0020833333
C34: =master!C14 -> 2.2.データ型２ | D34: データベースの種類によって異なることを説明する。 ※今回はH2DBなので細かい説明は不要。 | G34: ・AI-01 | I34: ○ | J34: 0.0020833333
C35: =master!C15 -> 2.3.リレーション | D35: リレーション＝リレーションシップという意味として説明する。 リレーションとは、「テーブル同士の関連」のこと | G35: ・AI-01 | I35: ○ | J35: 0.0034722222
C36: =master!C16 -> 2.4.データを結合して取得（Join） | D36: 結合（JOIN）とは、「関連するデータを組み合わせて取得する」こと 例）赤、青 | G36: ・AI-01 | I36: ○ | J36: 0.0020833333
B37: =master!B17 -> Java言語、Springフレームワークとは | C37: =master!C17 -> Webアプリケーションを作成するためのプログラミング言語 | D37: Javaの選定理由を説明する。 ・言語自体の処理性能が優れており、大規模Webアプリケーション開発に適している ・NTTデータにおけるシステム開発で広く使われているため ・世界的に開発者数、使用数が多いため ※ナレッジが多い言語を使った方が生成AIとの相性が良い。 | G37: ・AI-01 | I37: ○ | J37: 0.0020833333
C38: =master!C18 -> Java | D38: 言語の特徴を説明する。 ・コンパイルが必要な言語 ・JVM（Java Virtual Machine） ・難しかったメモリ管理が不要 ・オブジェクト指向をもとにしたオブジェクト指向プログラミングをサポート | G38: ・AI-01 | I38: ○ | J38: 0.0034722222
C39: =master!C19 -> Java言語の構成要素 | D39: 各要素の関係が理解できるように説明する。 ・Jarファイル ・パッケージ ・クラス ・メソッド | G39: ・AI-01 | I39: ○ | J39: 0.0020833333
C40: =master!C20 -> Webアプリケーションを構成するクラス | D40: 各コンポーネント間の関連を説明する。 ※MVCについては触れない方が良い。 ※受講生は新入社員研修では触れていない可能性が高い。 | G40: ・AI-01 | I40: ○ | J40: 0.0034722222
C41: =master!C21 -> Nレイヤーアーキテクチャ | D41: 階層(レイヤー)に役割を分けて、アプリケーションを構築することを説明する。 ▮役所の住民票異動 ・申請様式用紙：入出力 ・窓口：受付・担当を決める役割 ・住民課：具体的に業務を行う役割 ・書類棚：住民情報を保管・取得・更新する役割 | G41: ・AI-01 | I41: ○ | J41: 0.0034722222 | K41: ※アニメーション
C42: =master!C22 -> View と Controller と Service と Repository | D42: ・View（申請様式用紙） 住民票異動の申請書に必要事項を記入し、結果を受け取ります。 ※Webアプリケーションでは、ユーザーが操作する画面に相当します。 ・Controller（窓口） 窓口は申請内容を受け取り、住民票異動の申請なのか、戸籍関係の申請なのか、を判断して担当部署へ渡します。 ※Webアプリケーションでは、リクエストを受け取り適切な処理へ振り分けます。 ・Service（住民課） 住民課は、住所変更を行う、内容を確認する、必要な手続きを実施するなどの業務を行います。 ※Webアプリケーションでは、業務ルールや業務処理を担当します。 Repository（書類棚） 書類棚から住民情報を取り出したり、更新後の情報を保管したりします。 ※Webアプリケーションでは、データベースの検索・登録・更新・削除を担当します。 | G42: ・AI-01 | I42: ✕ | J42: 0.0034722222
C43: =master!C23 -> Nレイヤーアーキテクチャ | D43: 本研修におけるModelとは、「各レイヤー間でデータを受け渡す役割の総称」のこと。 ※役割や利用するレイヤーによって、Form、ViewModel、Model、Entity など異なる名称で呼ばれる。 | G43: ・AI-01 | I43: ○ | J43: 0.0020833333
C44: =master!C24 -> Webアプリケーション フレームワーク | D44: フレームワークとは、「アプリケーション開発を効率化するために、よく利用される機能や仕組みをあらかじめ提供しているソフトウェア」のこと。 Webアプリケーション開発では、 ・HTTPリクエストを受け取る ・データを埋め込んだHTMLを生成する ・データベースと連携する などの機能がフレームワークによって提供されているため、開発者は業務に必要な部分の実装に集中することができる。 開発者は、フレームワークが用意したルールや構造に従うことで、効率的にアプリケーションを開発できる。 | G44: ・AI-01 | I44: ○ | J44: 0.0034722222
C45: =master!C25 -> Java向けWebアプリケーションフレームワーク | D45: Javaで開発するWebアプリケーションフレームワークは複数あるが、Springフレームワークの一強になっている。 | G45: ・AI-01 | I45: ○ | J45: 0.00069444444
C46: =master!C26 -> Springフレームワーク | D46: Springフレームワークとは、「Java向けの包括的なアプリケーションフレームワーク」のこと。 Springには様々な機能が用意されており、主なものとして以下がある。 Spring Framework：DIコンテナやAOPなど、Springの基本機能を提供する Spring MVC：MVCモデルによるWebアプリケーション開発を支援する Spring Security：認証・認可などのセキュリティ機能を提供する Spring Batch：大量データを効率的に処理するためのバッチ機能を提供する Spring Boot：Springアプリケーションを簡単に構築・実行するための機能を提供する（詳細は後述） TERASOLUNAフレームワークは、「Springをベースとして、日本企業の業務システム開発に適した開発ガイドラインやベストプラクティスを整備したフレームワーク」のことである。 Springが提供する機能に加え、設計方針や実装ルールを統一することで、品質の高い業務システムを効率的に開発できるようにしている。 | G46: ・AI-01 | I46: ○ | J46: 0.0034722222
C47: =master!C27 -> Springフレームワーク：DIコンテナとは | D47: DIコンテナとは、「プログラムで利用する部品を自動的に準備し、必要なクラスへ渡してくれる仕組みを持つソフトウェア」のこと。 あらかじめ役割ごとの部品を用意しておき、DIコンテナが必要なタイミングで適切に組み合わせて利用する。 ※DI：ある部品が必要とする別の部品を外部から渡してもらう仕組み ※DIコンテナ：その仕組みを実現するためのソフトウェア | G47: ・AI-01 | I47: ○ | J47: 0.0034722222 | K47: ※アニメーション
C48: =master!C28 -> DIコンテナ：DIコンテナが部品を注入する | D48: インジェクションの例とアノテーションを説明する。 | G48: ・AI-01 | I48: ○ | J48: 0.0020833333
C49: =master!C29 -> DIコンテナ：DIコンテナによる部品と注入対象になるための目印 | D49: コンテナ管理対象として登録するためのアノテーション：管理対象の部品 @Controller @Service @Repository/@Mapper インジェクション（DI）を利用するためのアノテーション：部品の注入 @Autowire | G49: ・AI-01 | I49: ○ | J49: 0.0020833333
C50: =master!C30 -> Springフレームワークにおける部品の設定 | D50: 全体設定の内容を説明する。 JavaConfig：JavaコードでDIコンテナの設定を行う方式 XML：XMLファイルでDIコンテナの設定を行う方式 @Bean：JavaConfigでDIコンテナの管理対象（Bean）を登録するためのアノテーション ※@Serviceや@Repositoryなどの登録用アノテーションを付与できない場合（コードの修正が不可能）に利用する。 | G50: ・AI-01 | I50: ○ | J50: 0.0020833333
C51: =master!C31 -> Spring Boot | D51: SpringBootとは、「Springアプリケーションを簡単に構築・実行するための機能を提供するフレームワーク」のこと。 | G51: ・AI-01 | I51: ○ | J51: 0.0020833333
C52: =master!C32 -> Spring Boot：オートコンフィグレーション | D52: Spring Bootを利用すると、Spring Frameworkで必要だった多くの設定が自動化されるため、開発者は設定作業を大幅に削減できる。 ただし、独自のBeanを登録する場合など、一部のケースではJavaConfigを利用して設定を行う。 | G52: ・AI-01 | I52: ○ | J52: 0.0020833333
C53: =master!C33 -> Spring Boot：Starters | D53: Starterとは、「特定の機能を利用するために必要なライブラリ群をまとめて提供する仕組み」のこと。 Webアプリケーション開発に必要なライブラリがまとめて導入することができる。 | G53: ・AI-01 | I53: ○ | J53: 0.0013888889
C54: =master!C34 -> Spring Boot：組込みWebAPサーバ | D54: 組込みWebAPサーバとは、「アプリケーション内に組み込まれたWebアプリケーションサーバ」のこと。 Spring Bootでは、Webアプリケーションを実行するために必要なWebAPサーバ（Tomcatなど）があらかじめ組み込まれているため、開発者が別途サーバをインストールしたり設定したりする必要がない。 war ⇒ jar | G54: ・AI-01 | I54: ○ | J54: 0.0013888889
C55: =master!C35 -> おすすめ書籍：『プロになるためのSpring入門』 | G55: ・AI-01 | I55: ○ | J55: 0.00069444444
B56: =master!B37 -> 導入 | C56: =master!C37 -> 演習課題の概要 | D56: 課題1について説明する。 ※課題2は別紙なので今は気にしないことを伝える。 | G56: ・AI-01 | I56: ○ | J56: 0.00069444444
C57: =master!C38 -> 作成物 | D57: ECサイトをWebアプリケーションとして作成することを説明する。 ※イベント（注文の流れ）を説明する。 | G57: ・AI-01 | I57: ○ | J57: 0.00069444444
C58: =master!C39 -> 演習課題の進め方 | D58: 本演習は、以下の順で実施することを説明する。 ①Spring Bootプロジェクトの準備、起動確認 ②ECサイト Webアプリの要件 ③バイブコーディング演習 | G58: ・AI-01 | I58: ○ | J58: 0.013888889
B59: =master!B40 -> Spring Bootプロジェクトの_x000B_準備、起動確認 | C59: =master!C40 -> 前提条件 | G59: ・AI-01 | I59: ○ | J59: 0.00069444444
C60: =master!C41 -> Spring Bootプロジェクトの準備 | D60: VSコードでプロジェクトを開く。 ※ハンズオンとして実施する。 | G60: ・AI-01 | I60: ○ | J60: 0.0069444444
C61: =master!C42 -> （補足）Spring Bootプロジェクトの準備 | D61: 割愛する。 | G61: ・AI-01 | I61: ✕ | J61: 0
C62: =master!C43 -> Spring Bootアプリケーションの起動確認 | D62: プロジェクトを実行し、ブラウザで確認する。 1. ターミナルを開き、以下のコマンドを実行する。 mvn spring-boot:run 2. ブラウザを開き、以下を入力する。 http://localhost:8080 ※ハンズオンとして実施する。 | G62: ・AI-01 | I62: ✕ | J62: 0.0069444444
C63: =master!C44 -> ECサイト Webアプリの要件 – はじめに | D63: Webアプリケーションの要件を説明する。 ・ビジネスルール（本演習で行うこと） ・禁止事項（本演習で行わないこと） | G63: ・AI-01 | I63: ○ | J63: 0.00069444444
C64: =master!C45 -> ECサイト Webアプリの要件➊ 画面 | D64: 本演習で作成する画面（仕様）の一覧は、以下であること説明する。 ・商品一覧画面：products.html ・商品詳細画面：products-detail.html ・カート画面：cart.html ・注文確認画面：order-confirm.html ・注文完了画面：order-complete.html 以下の仕様に従って実装する必要があることを伝える。 ・テンプレート＝Thymeleafテンプレート ・概要 ※プロンプトに記載が必要。 | G64: ・AI-01 | I64: ○ | J64: 0.00069444444
C65: =master!C46 -> ECサイト Webアプリの要件➋ 機能 | D65: 本演習で作成する機能（仕様）の一覧は、以下であること説明する。 ・商品一覧表示 ・商品詳細表示 ・カート追加 ・カート画面表示 ・カート数量更新 ・カート削除 ・注文確認画面表示 ・注文確定 ・注文完了画面表示 以下の仕様に従って実装する必要があることを伝える。 ・URLパス ・フォーム入力項目 ・表示内容/遷移先 ※プロンプトに記載が必要。 | G65: ・AI-01 | I65: ○ | J65: 0.00069444444
C66: =master!C47 -> ECサイト Webアプリの要件➌ 画面遷移 | D66: 本演習で作成するイベント名（仕様）の一覧は、以下であること説明する。 ・ボタン名 ・リンク名 ※プロンプトに記載が必要。 | G66: ・AI-01 | I66: ○ | J66: 0.0013888889
C67: =master!C48 -> ECサイト Webアプリの要件❹ データ設計 | D67: 本演習で作成するテーブル（仕様）の一覧は、以下であること説明する。 ・products ・cart_items ・orders ・order_items 以下の仕様に従って実装する必要があることを伝える。 ・テーブル名 ・項目名 ・SQL型（データ型） ・制約・形式 ※プロンプトに記載が必要。 | G67: ・AI-01 | I67: ○ | J67: 0.0020833333
C68: =master!C49 -> ECサイト Webアプリの要件❺ 初期データ | D68: 本演習で作成するproductsテーブルの初期データ（仕様）を説明する。 ※imageUrlにはプロジェクト内のパスの一部 ※プロンプトに記載が必要。 | G68: ・AI-01 | I68: ○ | J68: 0.00069444444
C69: =master!C50 -> ECサイト Webアプリの要件❻ ディレクトリ構成 | D69: 本演習で利用するプロジェクトのディレクトリ構成を説明する。 ※SpringBootで作成した。 | G69: ・AI-01 | I69: ○ | J69: 0.010416667
C70: =master!C51 -> ECサイト Webアプリの要件❼ パッケージ構成 | D70: 本演習で利用するプロジェクトのパッケージ構成（ファイル込み）を説明する。 ※サンプルとして説明する。 | G70: ・AI-01 | I70: ○ | J70: 0.0034722222
C71: =master!C52 -> ECサイト Webアプリの要件❽ リソース構成 | D71: 本演習で利用するプロジェクトのリソース構成（ファイル込み）を説明する。 ※サンプルとして説明する。 | G71: ・AI-01 | I71: ○ | J71: 0.00069444444
B72: =master!B53 -> バイブコーディング：ハンズオン | C72: =master!C53 -> バイブコーディング – はじめに | D72: 商品一覧画面（商品一覧表示機能）を一緒に作成することを説明する。 | G72: ・AI-01 | I72: ○ | J72: 0.010416667
C73: =master!C54 -> [構造理解] Webアプリケーションで必要なもの | D73: Webアプリケーションの構成要素を振り返る。 ・処理系 Controller、Service、Repository ・データ保持系 Form Model Entity ViewModel（今回は使わない） ・画面 Template | G73: ・AI-01 | I73: ○ | J73: 0.0013888889
C74: =master!C55 -> バイブコーディング➊ 画面モックアップを作ってデザインを決める | D74: 生成AIを利用して画面モックアップを作成する方法を説明する。 その後、実際にデモを行い、プロンプトの作成方法や活用方法を確認する。 ※テキスト内のプロンプトを利用して良い。 | G74: ・AI-01 | I74: ○ | J74: 0.013888889
D75: 受講生に以下を実施してもらう。 1. プロンプトを作成する。 2. プロンプトを実行し、成果物を生成する。 3. 生成された成果物を確認し、要件を満たしているかを確認する。 4. 必要に応じてプロンプトを改善し、成果物をブラッシュアップする。 | G75: ・AI-01
C76: =master!C56 -> バイブコーディング➋ データベースのテーブルを準備する | D76: 生成AIを利用してデータベースのテーブルを作成する方法を説明する。 その後、実際にデモを行い、プロンプトの作成方法や活用方法を確認する。 ※テキスト内のプロンプトを利用して良い。 | G76: ・AI-01 | I76: ○ | J76: 0.0013888889
D77: 受講生に以下を実施してもらう。 1. プロンプトを作成する。 2. プロンプトを実行し、成果物を生成する。 3. 生成された成果物を確認し、要件を満たしているかを確認する。 4. 必要に応じてプロンプトを改善し、成果物をブラッシュアップする。 | G77: ・AI-01
C78: =master!C57 -> バイブコーディング➌ データベースのデータを準備する | D78: 生成AIを利用してデータベースのテーブルの初期データを作成する方法を説明する。 その後、実際にデモを行い、プロンプトの作成方法や活用方法を確認する。 ※テキスト内のプロンプトを利用して良い。 | G78: ・AI-01 | I78: ○ | J78: 0.0013888889
D79: 受講生に以下を実施してもらう。 1. プロンプトを作成する。 2. プロンプトを実行し、成果物を生成する。 3. 生成された成果物を確認し、要件を満たしているかを確認する。 4. 必要に応じてプロンプトを改善し、成果物をブラッシュアップする。 | G79: ・AI-01
C80: =master!C58 -> バイブコーディング❹ データベース処理とビジネスロジックを作る | D80: 生成AIを利用してデータベース処理（Repository関連）とビジネスロジック（Service関連）を作成する方法を説明する。 その後、実際にデモを行い、プロンプトの作成方法や活用方法を確認する。 ※テキスト内のプロンプトを利用して良い。 | G80: ・AI-01 | I80: ○ | J80: 0.0034722222
D81: 受講生に以下を実施してもらう。 1. プロンプトを作成する。 2. プロンプトを実行し、成果物を生成する。 3. 生成された成果物を確認し、要件を満たしているかを確認する。 4. 必要に応じてプロンプトを改善し、成果物をブラッシュアップする。 | G81: ・AI-01
C82: =master!C59 -> [解説] RepositoryクラスとSQLの例（抜粋） | D82: 以下の概要を説明する。 ・Repository ・Mapper | G82: ・AI-01 | I82: ○ | J82: 0.0020833333
C83: =master!C60 -> [解説] Entity/Modelクラスの例（抜粋） | D83: 以下の概要を説明する。 ・Entity ・Model | G83: ・AI-01 | I83: ○ | J83: 0.0013888889
C84: =master!C61 -> [解説] Serviceクラスの例（抜粋） | D84: 以下の概要を説明する。 ・Service | G84: ・AI-01 | I84: ○ | J84: 0.00069444444
C85: =master!C62 -> バイブコーディング❺ モックアップをもとに画面表示/処理を作る | D85: 生成AIを利用して画面（Template）と処理（Controler関連）を作成する方法を説明する。 その後、実際にデモを行い、プロンプトの作成方法や活用方法を確認する。 ※テキスト内のプロンプトを利用して良い。 | G85: ・AI-01 | I85: ○ | J85: 0.0069444444
D86: 受講生に以下を実施してもらう。 1. プロンプトを作成する。 2. プロンプトを実行し、成果物を生成する。 3. 生成された成果物を確認し、要件を満たしているかを確認する。 4. 必要に応じてプロンプトを改善し、成果物をブラッシュアップする。 | G86: ・AI-01
C87: =master!C63 -> [解説] Controllerクラスの例（抜粋） | D87: 以下の概要を説明する。 ・Controller | G87: ・AI-01 | I87: ○ | J87: 0.0013888889
C88: =master!C64 -> [解説] Thymeleafテンプレートの例（抜粋） | D88: 以下の概要を説明する。 ・Template | G88: ・AI-01 | I88: ○ | J88: 0.0013888889
C89: =master!C65 -> [解説] Formクラスの例（抜粋） | D89: 以下の概要を説明する。 ・Form | G89: ・AI-01 | I89: ○ | J89: 0.00069444444
C90: =master!C66 -> バイブコーディング❻ 動作を確認する | D90: プロジェクトを実行し、ブラウザで確認する。 1. ターミナルを開き、以下のコマンドを実行する。 mvn spring-boot:run 2. ブラウザを開き、以下を入力する。 http://localhost:8080 | G90: ・AI-01 | I90: ○ | J90: 0.00069444444
D91: 受講生にアプリケーションの動作確認を実施してもらう。 ※既にアプリケーションが起動している場合は、ブラウザをリフレッシュするだけでよいことを伝える。 ※アプリケーションを二重に起動するとポートが競合し、正常に起動できない場合があることを説明する。 ※起動エラーが発生した場合、既存のアプリケーションを実行しているターミナルを停止し、再度起動することを伝える。 | G91: ・AI-01 | I91: ○ | J91: 0.0069444444
B92: =master!B69 -> Gitとは | C92: =master!C69 -> Gitとは | D92: Gitとは、「ドキュメントやソースコードなどの変更履歴を管理するためのバージョン管理システム」のこと。 ※変更履歴を時系列で管理し、過去の状態の確認や復元ができます。 ■Gitのメリット ・変更履歴を残せる ・以前の状態に戻せる ・安心して変更や実験ができる | G92: ・AI-01 | I92: ○ | J92: 0.0034722222
C93: =master!C70 -> Gitの基本的な流れ | D93: 個人がローカル環境（ローカルリポジトリのみの運用）でGitを使う方法を説明する。 1. ファイルを編集（作業ディレクトリ） ・sample.txt を編集 2. 変更内容をステージに追加 ・git add sample.txt ※コミットしたい変更を選択する 3. ステージされた変更を履歴として保存 ・git commit -m "初回作成" ※ローカルリポジトリに保存する 4. 履歴を確認 ・git log 5. 必要に応じて以前の状態へ戻す ・git reset ・git revert | G93: ・AI-01 | I93: ○ | J93: 0.0034722222
B94: =master!B71 -> VS Code上でGitを使う手順 | C94: =master!C71 -> VS Code上でGitを使う手順-1 【ユーザ名等の登録】 | D94: ユーザ登録の手順を説明する。 1. VS Codeでプロジェクトを開く(File→Open Folderからプロジェクトのルートディレクトリを選択) 2. 上部のタブからTerminalを選択し、「New Terminal」をクリックする。 3. 開いたターミナルで以下2つのコマンドを打つ。 1. git config --local user.name "任意の名前" 2. git config --local user.email “自身のメールアドレス(@jp.nttdata.comのもの)" ※ハンズオンとして実施する。 ※まとめてコマンドを実行しないように注意する。 | G94: ・AI-01 | I94: ○ | J94: 0.0069444444
C95: =master!C72 -> VS Code上でGitを使う手順-2 【リポジトリの初期化】 | D95: ローカルリポジトリの作成手順を説明する。 ※ハンズオンとして実施する。 | G95: ・AI-01 | I95: ○ | J95: 0.0034722222
C96: =master!C73 -> VS Code上でGitを使う手順-3 【最初のcommit】 | D96: 最初のコミットの手順を説明する。 ※ハンズオンとして実施する。 ※コメントは必須であることを強調する。 | G96: ・AI-01 | I96: ○ | J96: 0.0034722222
C97: =master!C74 -> VS Code上でGitを使う手順-4 【2回目以降のコミット】 | D97: ２回目以降のコミットの手順を説明する。 ※ハンズオンとして実施する。 ※コメントは必須であることを強調する。 | G97: ・AI-01 | I97: ○ | J97: 0.0034722222
C98: =master!C75 -> VS Code上でGitを使う手順-5 【過去のcommitの確認】 | D98: 過去のコミットの確認方法を説明する。 ※ハンズオンとして実施する。 | G98: ・AI-01 | I98: ○ | J98: 0.0034722222
C99: =master!C76 -> VS Code上でGitを使う手順-6 【過去の状態に戻す】 | D99: 戻す方法を説明する。 revert：履歴を残して変更を取り消す reset：履歴を巻き戻す ※ハンズオンとして実施する。 | G99: ・AI-01 | I99: ○ | J99: 0.0034722222
B100: =master!B67 -> バイブコーディング：演習 | C100: =master!C67 -> ここから各自で演習を始めましょう。 | D100: 以下を伝える。 ・作成順 1. 商品詳細画面:今作った 2. カート画面 3. 注文確認画面 4. 注文完了画面 ・作成の進め方 1. 仕様を満たすプロンプトを検討する。 2. プロンプトを実行する。 作成後には仕様をみたしているかを確認する。 1. 仕様を確認する。 2. プロンプトを作成する。 3. プロンプトを実行し、成果物を生成する。 4. 生成された成果物を確認し、要件を満たしているかを確認する。 5. 必要に応じてプロンプトを改善し、成果物をブラッシュアップ(仕様を満たす)する。 | G100: ・AI-01 | I100: ○ | J100: -
B101: =master!B78 -> 導入 | C101: =master!C78 -> 講義の目的 | D101: 以下を学習することを説明する。 ・システム開発プロセスを理解する 本研修では以下を中心に学習することを説明する。 ・製造工程（前半「Webアプリケーション開発-Java&Spring&DB」） ・単体テスト工程（後半「単体テストとJUnit」） | G101: ・AI-01 | I101: ○ | J101: 0.0013888889
B102: =master!B79 -> システム開発におけるソフトウェア開発ライフサイクル | C102: =master!C79 -> ソフトウェア開発ライフサイクル | D102: ソフトウェア開発ライフサイクル（SDLC）とは、「要件定義、設計、製造、テスト、リリースなど、ソフトウェア開発における各工程と、それらの実施順序や関係性を定義したもの」のこと。 | G102: ・AI-01 | I102: ○ | J102: 0.0013888889
C103: =master!C80 -> ソフトウェア開発ライフサイクルの種類 | D103: 各ソフトウェア開発モデルの種類を説明する。 ■ウォーターフォール開発 ソフトウェア開発の工程を前から順番に進めていく直線的なモデル アジャイルソフトウェア開発：短いサイクルで設計・実装・テストを繰り返しながら、変化に柔軟に対応して進める反復型・適応型のモデル TERASOLUNA開発手順は、ウォーターフォール開発の一つである。 ■スクラム開発 アジャイルソフトウェア開発の代表的な手法の一つ。短い期間（スプリント）ごとに、設計・実装・テストを繰り返しながら機能を完成させていく開発手法。 重視する4つの価値 ・プロセスやツールよりも、個人と対話を重視する ・包括的なドキュメントよりも、動くソフトウェアを重視する ・契約交渉よりも、顧客との協調を重視する ・計画に従うことよりも、変化への対応を重視する スクラムアカウンタビリティ（役割）の種類 ・スクラムマスター：スクラムの進行を支援し、チームが円滑に活動できるようサポートする ・プロダクトオーナー：開発する機能や優先順位を決定し、プロダクトの価値を最大化する ・開発者：設計・実装・テストを行い、成果物を作成する | G103: ・AI-01 | I103: ○ | J103: 0.0069444444
B104: =master!B81 -> TERASOLUNAとは | C104: TERASOLUNA 開発手順 | D104: TERASOLUNAとは、「NTTD社が提供するオープン系システム開発のための総合ソリューションの総称」のこと。 その一つである「TERASOLUNA開発標準」は、要求定義から受入テストまでを対象としたシステム開発手順を提供しており、品質を確保するためにV字モデルを採用している。 TERASOLUNAが提供する主な内容 ・開発手順（プロセス） 要求定義から受入テストまでの開発プロセスや成果物の作成方法を提供 ・開発環境 フレームワーク、ライブラリ、IDEなどの開発基盤を提供 ・サポート 技術情報、Q&A、教育・研修などの支援を提供 | G104: ・AI-01 | I104: ○ | J104: 0.0020833333
C105: プロジェクトごとのテーラリング | D105: 「TERASOLUNA」により開発手順、開発環境、成果物などを標準化している。 しかし、すべてのプロジェクトに同じ手順やルールを適用すると、プロジェクトの特性によっては開発効率の低下や進行の妨げとなる場合がある。 ↓ そのため、プロジェクトの規模や特性に応じて標準を調整する「テーラリング」が認められている。 ※テーラリング：標準プロセスをそのまま適用するのではなく、プロジェクトの特性に合わせて最適化することである。 また、生成AIを活用した「AIネイティブ開発」では、従来の開発プロセスとは異なる考慮が必要となる。 そのため、TERASOLUNAで定められた開発手順や成果物についても、生成AIの特性を踏まえたテーラリングが求められる。 | G105: ・AI-01 | I105: ○ | J105: 0.0020833333
B106: =master!B83 -> V字モデルとは | C106: V字モデル | D106: V字モデルとは、「開発工程とテスト工程の対応関係をV字型で表現した開発モデル」のこと。 TERASOLUNA開発手順では、要求定義から受入テストまでの8つのフェーズを対象にV字モデルを採用し、各設計工程の成果物を対応するテスト工程で検証することで品質を確保している。 ※品質の作りこみVS製造・テスト ■メリット ・各フェーズが明確で、進捗管理がしやすい ・設計内容とテスト内容の対応関係が明確で、品質を確保しやすい ・フェーズごとに成果物を確認するため、問題を早期に発見しやすい ■デメリット ・各フェーズが順序立てて実施され、途中での開始/終了ができない ・前のフェーズの成果物をインプットにしているため、複数フェーズを同時進行できない | G106: ・AI-01 | I106: ○ | J106: 0.0034722222
C107: V字モデル – 要求定義 – | D107: 要求定義フェーズについて説明する。 顧客の抱える問題・課題や目指す将来像を踏まえ、システム化の目的や解決方針を明確にするフェーズ。 顧客や利害関係者との対話を通じて要求を収集・整理し、システムに求められる機能や制約条件を要求仕様として文書化する。 実施順序 情報収集 → 検討 → 提案 | G107: ・AI-01 | I107: ○ | J107: 0.0034722222
...

Sheet master
B1: AI Native-バイブコーディング
B2: 章の名称 | C2: 節の名称
B3: 講義の目的 | C3: 講義の目的
B4: Webアプリケーションとは | C4: Webアプリケーションとは
C5: Webアプリケーションの種類
C6: アプリケーションとは
C7: Web画面アプリケーション
C8: ブラウザからのリクエスト種類
B9: データベースとは | C9: データベースとは
C10: リレーショナルデータベース
C11: データベースの役割
C12: 2.1.テーブル
C13: 2.2.データ型１
C14: 2.2.データ型２
C15: 2.3.リレーション
C16: 2.4.データを結合して取得（Join）
B17: Java言語、Springフレームワークとは | C17: Webアプリケーションを作成するためのプログラミング言語
C18: Java
C19: Java言語の構成要素
C20: Webアプリケーションを構成するクラス
C21: Nレイヤーアーキテクチャ
C22: View と Controller と Service と Repository
C23: Nレイヤーアーキテクチャ
C24: Webアプリケーション フレームワーク
C25: Java向けWebアプリケーションフレームワーク
C26: Springフレームワーク
C27: Springフレームワーク：DIコンテナとは
C28: DIコンテナ：DIコンテナが部品を注入する
C29: DIコンテナ：DIコンテナによる部品と注入対象になるための目印
... C35: おすすめ書籍：『プロになるためのSpring入門』
B37: 導入 | C37: 演習課題の概要
C38: 作成物
C39: 演習課題の進め方
B40: Spring Bootプロジェクトの_x000B_準備、起動確認 | C40: 前提条件
C41: Spring Bootプロジェクトの準備
C42: （補足）Spring Bootプロジェクトの準備
C43: Spring Bootアプリケーションの起動確認
B44: ECサイト Webアプリの要件 | C44: ECサイト Webアプリの要件 – はじめに
C45: ECサイト Webアプリの要件➊ 画面
C46: ECサイト Webアプリの要件➋ 機能
C47: ECサイト Webアプリの要件➌ 画面遷移
C48: ECサイト Webアプリの要件❹ データ設計
C49: ECサイト Webアプリの要件❺ 初期データ
C50: ECサイト Webアプリの要件❻ ディレクトリ構成
C51: ECサイト Webアプリの要件❼ パッケージ構成
C52: ECサイト Webアプリの要件❽ リソース構成
B53: バイブコーディング：ハンズオン | C53: バイブコーディング – はじめに
C54: [構造理解] Webアプリケーションで必要なもの
C55: バイブコーディング➊ 画面モックアップを作ってデザインを決める
C56: バイブコーディング➋ データベースのテーブルを準備する
C57: バイブコーディング➌ データベースのデータを準備する
C58: バイブコーディング❹ データベース処理とビジネスロジックを作る
C59: [解説] RepositoryクラスとSQLの例（抜粋）
C60: [解説] Entity/Modelクラスの例（抜粋）
C61: [解説] Serviceクラスの例（抜粋）
C62: バイブコーディング❺ モックアップをもとに画面表示/処理を作る
C63: [解説] Controllerクラスの例（抜粋）
C64: [解説] Thymeleafテンプレートの例（抜粋）
C65: [解説] Formクラスの例（抜粋）
C66: バイブコーディング❻ 動作を確認する
B67: バイブコーディング：演習 | C67: ここから各自で演習を始めましょう。
B69: Gitとは | C69: Gitとは
C70: Gitの基本的な流れ
B71: VS Code上でGitを使う手順 | C71: VS Code上でGitを使う手順-1 【ユーザ名等の登録】
C72: VS Code上でGitを使う手順-2 【リポジトリの初期化】
C73: VS Code上でGitを使う手順-3 【最初のcommit】
C74: VS Code上でGitを使う手順-4 【2回目以降のコミット】
C75: VS Code上でGitを使う手順-5 【過去のcommitの確認】
C76: VS Code上でGitを使う手順-6 【過去の状態に戻す】
B78: 導入 | C78: 講義の目的
B79: システム開発におけるソフトウェア開発ライフサイクル | C79: ソフトウェア開発ライフサイクル
C80: ソフトウェア開発ライフサイクルの種類
B81: TERASOLUNAとは | C81: TERASOLUNA 開発手順
C82: プロジェクトごとのテーラリング
B83: V字モデルとは | C83: V字モデル
C84: V字モデル – 要求定義 –
C85: 「要求」と「要件」の違い
C86: V字モデル – 要求分析 –
C87: V字モデル – アーキテクチャ設計 –
C88: V字モデル – 詳細設計 –
C89: V字モデル – 製造 –
C90: V字モデル – 単体テスト –
C91: V字モデル – 結合テスト –
C92: V字モデル – システムテスト –
C93: V字モデル – 受入テスト –
C94: 参考：TERASOLUNA開発手順 タスクフロー
B96: 導入 | C96: 講義の目的
C97: TERASOLUNA 開発手順 ※再掲
C98: V字モデル ※再掲
B99: テストとは | C99: テストとは
C100: テストの目的
C101: テストを実施しなかった場合…
C102: コラム：テストとデバッグ
B103: 単体テストとは | C103: 単体テスト（Unit Test）とは
C104: V字モデル – 製造/単体テスト – ※再掲
C105: テスト設計の流れ
C106: テスト設計の例
C107: 単体テスト（Unit Test）とは
C108: テスト技法 – ブラックボックステスト技法 –
C109: ブラックボックステスト：同値分割法
...
