Workbook

Sheet スケジュール（3日）
B2: ="コースプラン/インストラクションガイド 「"&master!$B$1&"_IG」" -> コースプラン/インストラクションガイド 「AI Native-バイブコーディング_IG」
B4: 科目修了条件
B7: スケジュール
C9: 1 日目 | E9: 2 日目 | G9: 3 日目
A10: 0.39583333 | B10: 0.39583333 | C10: オリエンテーション | D10: 0.39583333 | E10: オリエンテーション | F10: 0.39583333 | G10: オリエンテーション
B11: 0.40625 | C11: =master!B3 -> バイブコーディングの導入 | D11: 0.40625 | E11: =master!B67 -> 課題1の実施 | F11: 0.40625 | G11: =master!B67 -> 課題1の実施
A12: 0.41666667 | C12: =master!B4 -> Webアプリケーションとは | G12: =master!B156 -> 課題2の実施
B13: 0.42708333 | C13: =master!B9 -> データベースとは
B15: 0.44791667 | C15: =master!B17 -> Java言語、Springフレームワークとは
A16: 0.45833333
A20: 0.5 | B20: 0.5 | C20: 予備
B22: 0.52083333 | C22: お昼休み | D22: 0.52083333 | E22: お昼休み | F22: 0.52083333 | G22: お昼休み
A24: 0.54166667
B26: 0.5625 | C26: =master!B37 -> 課題1の導入 | D26: 0.5625 | E26: =master!B116 -> 単体テストとJunitの導入 | F26: 0.5625
E27: =master!B119 -> テストとは
A28: 0.58333333 | B28: 0.58333333 | C28: =master!B40 -> Spring Bootプロジェクトの_x000B_準備、起動確認 | D28: 0.58333333 | E28: =master!B123 -> 単体テストとは
B30: 0.60416667 | C30: =master!B44 -> ECサイト Webアプリの要件
A32: 0.625 | B32: 0.625 | C32: =master!B53 -> ハンズオン
D34: 0.64583333 | E34: =master!B141 -> JUnit
D35: 0.65277778 | E35: =master!B144 -> 課題2の導入
A36: 0.66666667 | D36: 0.66666667 | E36: =master!B148 -> ハンズオン
B38: 0.6875 | C38: Git | F38: 0.6875 | G38: =master!B164 -> 演習の振り返り
A40: 0.70833333
B41: 0.71875 | C41: Git
F42: 0.72916667 | G42: 予備
B43: 0.73958333 | C43: 予備 | D43: 0.73958333 | E43: 予備

Sheet 特記イベント
B2: 特記イベント
B4: 講師の事前準備
B7: 番号 | C7: 使用教材 | D7: 講師用資料の保存先 | F7: 配布タイミング | G7: 配布形式
B8: 共通1 | C8: 【AI Native研修-バイブコーディング】研修の概要.pptx | D8: － | F8: 不要 | G8: 電子
C10: テーマ | D10: 主なポイント | G10: 使用教材 | H10: 環境 | I10: 共通 | K10: 実施上のの注意点
I11: 可否 | J11: 時間
C12: オリエンテーション（初日） | D12: ・教材のダウンロード ・本科目の概要説明 科目の位置づけや目的、全体の説明 | G12: ・共通1 | I12: ○ | J12: 0.010416667
C13: オリエンテーション（2日目以降） | D13: ・本日のスケジュールの説明 | G13: ・共通1 | I13: ○ | J13: 0.010416667

Sheet 講義
B2: 講義
B4: 講師の事前準備
B7: 番号 | C7: 使用教材 | D7: 講師用資料の保存先 | F7: 配布タイミング | G7: 配布形式
B8: AI-01 | C8: 【AI Native研修-バイブコーディング①】WebとDBとJavaとSpring.pptx | D8: － | F8: 済 | G8: 電子
B9: AI-02 | C9: 【AI Native研修-バイブコーディング②】システム開発プロセス.pptx | D9: － | F9: 済 | G9: 電子
B10: AI-03 | C10: 【AI Native研修-バイブコーディング③】単体テストとJUnit.pptx | D10: － | F10: 済 | G10: 電子
B11: AI-04 | C11: 【AI Native研修-バイブコーディング】演習課題1 JavaでECサイト APを作成.pptx | D11: － | F11: 済 | G11: 電子
B12: AI-05 | C12: 【AI Native研修-バイブコーディング】演習課題2 JUnitで単体テスト.pptx | D12: － | F12: 済 | G12: 電子
B13: AI-06 | C13: 【AI Native研修-バイブコーディング】GitHubCopilotのLLM選択についての説明.pptx | D13: － | F13: 済 | G13: 電子
B14: AI-07 | C14: 【AI Native研修-バイブコーディング】Git入門.docx | D14: － | F14: 済 | G14: 電子
B15: AI-08 | C15: 【AI Native研修-バイブコーディング】Git入門_演習.docx | D15: － | F15: 済 | G15: 電子
B16: AI-09 | C16: 【AI Native研修-バイブコーディング】AIレビュー演習手順書.pptx | D16: － | F16: 済 | G16: 電子
B17: AI-10 | C17: 【AI Native研修-バイブコーディング】演習振り返り.docx | F17: 済 | G17: 電子
B18: AI-11 | C18: ec-webapp-example.zip | D18: － | F18: 済 | G18: 電子
B20: 章 | C20: テーマ | D20: 主なポイント | G20: 使用教材 | H20: 環境 | I20: 共通 | K20: 実施上の注意点
I21: 可否 | J21: 時間
B22: =master!B3 -> バイブコーディングの導入 | C22: =master!C3 -> 講義の目的 | D22: 以下の内容を伝える。 これから以下の内容について説明します。 ・Webアプリケーションの概要を理解する ・Webアプリケーションを開発する技術の概要を理解する 講義を聞くだけでなく、生成AIも積極的に活用してください。 分からない用語や仕組み、関連技術について生成AIに質問しながら学習することで、より理解を深めることができます。 生成AIを「答えを教えてもらうためのツール」ではなく、「理解を支援してくれる学習パートナー」として活用しながら受講してください。 | G22: ・AI-01 | I22: ○ | J22: 0.0020833333
B23: =master!B4 -> Webアプリケーションとは | C23: =master!C4 -> Webアプリケーションとは | D23: 以下の内容を詳細に説明する。 ・クライアントとサーバー ・リクエストとレスポンス クライアント：サービスを利用する側（利用者の端末やアプリケーション） サーバー：サービスを提供する側（データや機能を管理するシステム） リクエスト：クライアントからサーバーへの依頼 レスポンス：サーバーからクライアントへの応答 ※AmazonなどのWebアプリケーションを例に挙げ、わかりやすさを重視した説明をしてください。 | G23: ・AI-01 | I23: ○ | J23: 0.0034722222
C24: =master!C5 -> Webアプリケーションの種類 | D24: 「Web画面アプリケーション」、「WebAPIアプリケーション」について、以下の観点を説明する。 ・利用者と利用方法 ・構成 ・レスポンス ・具体例 | G24: ・AI-01 | I24: ○ | J24: 0.0034722222
C25: =master!C6 -> アプリケーションとは | D25: 図を中心にアプリケーションとハードウェアとの関係を説明する。 アプリケーションとは、「特定の作業を行うために開発されたソフトウェアプログラム」のこと | G25: ・AI-01 | I25: ○ | J25: 0.0020833333
C26: =master!C7 -> Web画面アプリケーション | D26: 図を中心に以下の用語を説明する。 ・ブラウザ ・HTML ※ここではレスポンスの話が中心 | G26: ・AI-01 | I26: ○ | J26: 0.0020833333
D27: ブラウザのデバッガでレスポンスを確認するデモを見せる。 ※レスポンスボディのHTMLを確認する | G27: ・AI-01 | I27: ○ | J27: 0.00069444444
C28: =master!C8 -> ブラウザからのリクエスト種類 | D28: HTTPメソッドとは、「クライアントがサーバーに対して何をしたいのか」を表す種類のこと ・GET:データの取得が目的 ・POST：データの送信が目的 ・PUT：データの更新が目的 ・DELETE：データの削除が目的 ※データ構造の説明は不要です。 | G28: ・AI-01 | I28: ○ | J28: 0.0020833333
B29: =master!B9 -> データベースとは | C29: =master!C9 -> データベースとは | D29: データベースとは、「データベースとは、データを効率的に保存・管理し、検索や更新を容易に行うために整理された情報の集まり」のこと 本研修では、「リレーショナルデータベース」を利用することを伝える。 ※データベースの形態の表があるが分類の粒度が不適切なので、サラッとながす。 | G29: ・AI-01 | I29: ○ | J29: 0.0020833333
C30: =master!C10 -> リレーショナルデータベース | D30: 以下の概要を説明する。 ・テーブル：関連するデータを表形式でまとめたもの ・行：1件分のデータ（横方向） ・列：データの項目（縦方向） ・関係：テーブル同士のつながり ・SQL：テーブルを操作するための言語 | G30: ・AI-01 | I30: ○ | J30: 0.0034722222
C31: =master!C11 -> データベースの役割 | D31: データの管理が主体であることを説明する。 | G31: ・AI-01 | I31: ○ | J31: 0.0034722222 | K31: ※アニメーション
C32: =master!C12 -> 2.1.テーブル | D32: 以下の概要を説明する。 ・テーブル：Excelのシート ・レコード：Excelの行 ・カラム：Excelの列 ・フィールド：Excelのセル | G32: ・AI-01 | I32: ○ | J32: 0.0020833333
C33: =master!C13 -> 2.2.データ型１ | D33: データ型とは、「データの性質や範囲などを定義する制約」のこと データ型の種類 ・数値型 ・文字列型 ・日付型 ・バイナリデータ型 etc. | G33: ・AI-01 | I33: ○ | J33: 0.0020833333
C34: =master!C14 -> 2.2.データ型２ | D34: データベースの種類によって異なることを説明する。 ※今回はH2DBなので細かい説明は不要。 | G34: ・AI-01 | I34: ○ | J34: 0.0020833333
C35: =master!C15 -> 2.3.リレーション | D35: リレーション＝リレーションシップという意味として説明する。 リレーションとは、「テーブル同士の関連」のこと | G35: ・AI-01 | I35: ○ | J35: 0.0034722222
C36: =master!C16 -> 2.4.データを結合して取得（Join） | D36: 結合（JOIN）とは、「関連するデータを組み合わせて取得する」こと 例）赤、青 | G36: ・AI-01 | I36: ○ | J36: 0.0020833333
B37: =master!B17 -> Java言語、Springフレームワークとは | C37: =master!C17 -> Webアプリケーションを作成するためのプログラミング言語 | D37: Javaの選定理由を説明する。 ・言語自体の処理性能が優れており、大規模Webアプリケーション開発に適している ・NTTデータにおけるシステム開発で広く使われているため ・世界的に開発者数、使用数が多いため ※ナレッジが多い言語を使った方が生成AIとの相性が良い。 | G37: ・AI-01 | I37: ○ | J37: 0.0020833333
C38: =master!C18 -> Java | D38: 言語の特徴を説明する。 ・コンパイルが必要な言語 ・JVM（Java Virtual Machine） ・難しかったメモリ管理が不要 ・オブジェクト指向をもとにしたオブジェクト指向プログラミングをサポート | G38: ・AI-01 | I38: ○ | J38: 0.0034722222
C39: =master!C19 -> Java言語の構成要素 | D39: 各要素の関係が理解できるように説明する。 ・Jarファイル ・パッケージ ・クラス ・メソッド | G39: ・AI-01 | I39: ○ | J39: 0.0020833333
C40: =master!C20 -> Webアプリケーションを構成するクラス | D40: 各コンポーネント間の関連を説明する。 | G40: ・AI-01 | I40: ○ | J40: 0.0034722222
C41: =master!C21 -> Nレイヤーアーキテクチャ | D41: 階層(レイヤー)に役割を分けて、アプリケーションを構築することを説明する。 ▮役所の住民票異動 ・申請様式用紙：入出力 ・窓口：受付・担当を決める役割 ・住民課：具体的に業務を行う役割 ・書類棚：住民情報を保管・取得・更新する役割 | G41: ・AI-01 | I41: ○ | J41: 0.0034722222 | K41: ※アニメーション
C42: =master!C22 -> View と Controller と Service と Repository | D42: ・View（申請様式用紙） 住民票異動の申請書に必要事項を記入し、結果を受け取ります。 ※Webアプリケーションでは、ユーザーが操作する画面に相当します。 ・Controller（窓口） 窓口は申請内容を受け取り、住民票異動の申請なのか、戸籍関係の申請なのか、を判断して担当部署へ渡します。 ※Webアプリケーションでは、リクエストを受け取り適切な処理へ振り分けます。 ・Service（住民課） 住民課は、住所変更を行う、内容を確認する、必要な手続きを実施するなどの業務を行います。 ※Webアプリケーションでは、業務ルールや業務処理を担当します。 Repository（書類棚） 書類棚から住民情報を取り出したり、更新後の情報を保管したりします。 ※Webアプリケーションでは、データベースの検索・登録・更新・削除を担当します。 | G42: ・AI-01 | I42: ✕ | J42: 0.0034722222
C43: =master!C23 -> Nレイヤーアーキテクチャ | D43: 本研修におけるModelとは、「各レイヤー間でデータを受け渡す役割の総称」のこと。 ※役割や利用するレイヤーによって、Form、ViewModel、Model、Entity など異なる名称で呼ばれる。 | G43: ・AI-01 | I43: ○ | J43: 0.0020833333
C44: =master!C24 -> Webアプリケーション フレームワーク | D44: フレームワークとは、「アプリケーション開発を効率化するために、よく利用される機能や仕組みをあらかじめ提供しているソフトウェア」のこと。 Webアプリケーション開発では、 ・HTTPリクエストを受け取る ・データを埋め込んだHTMLを生成する ・データベースと連携する などの機能がフレームワークによって提供されているため、開発者は業務に必要な部分の実装に集中することができる。 開発者は、フレームワークが用意したルールや構造に従うことで、効率的にアプリケーションを開発できる。 | G44: ・AI-01 | I44: ○ | J44: 0.0034722222
C45: =master!C25 -> Java向けWebアプリケーションフレームワーク | D45: Javaで開発するWebアプリケーションフレームワークは複数あるが、Springフレームワークの一強になっている。 | G45: ・AI-01 | I45: ○ | J45: 0.00069444444
C46: =master!C26 -> Springフレームワーク | D46: Springフレームワークとは、「Java向けの包括的なアプリケーションフレームワーク」のこと。 Springには様々な機能が用意されており、主なものとして以下がある。 Spring Framework：DIコンテナやAOPなど、Springの基本機能を提供する Spring MVC：MVCモデルによるWebアプリケーション開発を支援する Spring Security：認証・認可などのセキュリティ機能を提供する Spring Batch：大量データを効率的に処理するためのバッチ機能を提供する Spring Boot：Springアプリケーションを簡単に構築・実行するための機能を提供する（詳細は後述） TERASOLUNAフレームワークは、「Springをベースとして、日本企業の業務システム開発に適した開発ガイドラインやベストプラクティスを整備したフレームワーク」のことである。 Springが提供する機能に加え、設計方針や実装ルールを統一することで、品質の高い業務システムを効率的に開発できるようにしている。 | G46: ・AI-01 | I46: ○ | J46: 0.0034722222
C47: =master!C27 -> Springフレームワーク：DIコンテナとは | D47: DIコンテナとは、「プログラムで利用する部品を自動的に準備し、必要なクラスへ渡してくれる仕組みを持つソフトウェア」のこと。 あらかじめ役割ごとの部品を用意しておき、DIコンテナが必要なタイミングで適切に組み合わせて利用する。 ※DI：ある部品が必要とする別の部品を外部から渡してもらう仕組み ※DIコンテナ：その仕組みを実現するためのソフトウェア | G47: ・AI-01 | I47: ○ | J47: 0.0034722222 | K47: ※アニメーション
C48: =master!C28 -> DIコンテナ：DIコンテナが部品を注入する | D48: インジェクションの例とアノテーションを説明する。 | G48: ・AI-01 | I48: ○ | J48: 0.0020833333
C49: =master!C29 -> DIコンテナ：DIコンテナによる部品と注入対象になるための目印 | D49: コンテナ管理対象として登録するためのアノテーション：管理対象の部品 @Controller @Service @Repository/@Mapper インジェクション（DI）を利用するためのアノテーション：部品の注入 @Autowire | G49: ・AI-01 | I49: ○ | J49: 0.0020833333
C50: =master!C30 -> Springフレームワークにおける部品の設定 | D50: 全体設定の内容を説明する。 JavaConfig：JavaコードでDIコンテナの設定を行う方式 XML：XMLファイルでDIコンテナの設定を行う方式 @Bean：JavaConfigでDIコンテナの管理対象（Bean）を登録するためのアノテーション ※@Serviceや@Repositoryなどの登録用アノテーションを付与できない場合（コードの修正が不可能）に利用する。 | G50: ・AI-01 | I50: ○ | J50: 0.0020833333
C51: =master!C31 -> Spring Boot | D51: SpringBootとは、「Springアプリケーションを簡単に構築・実行するための機能を提供するフレームワーク」のこと。 | G51: ・AI-01 | I51: ○ | J51: 0.0020833333
C52: =master!C32 -> Spring Boot：オートコンフィグレーション | D52: Spring Bootを利用すると、Spring Frameworkで必要だった多くの設定が自動化されるため、開発者は設定作業を大幅に削減できる。 ただし、独自のBeanを登録する場合など、一部のケースではJavaConfigを利用して設定を行う。 | G52: ・AI-01 | I52: ○ | J52: 0.0020833333
C53: =master!C33 -> Spring Boot：Starters | D53: Starterとは、「特定の機能を利用するために必要なライブラリ群をまとめて提供する仕組み」のこと。 Webアプリケーション開発に必要なライブラリがまとめて導入することができる。 | G53: ・AI-01 | I53: ○ | J53: 0.0013888889
C54: =master!C34 -> Spring Boot：組込みWebAPサーバ | D54: 組込みWebAPサーバとは、「アプリケーション内に組み込まれたWebアプリケーションサーバ」のこと。 Spring Bootでは、Webアプリケーションを実行するために必要なWebAPサーバ（Tomcatなど）があらかじめ組み込まれているため、開発者が別途サーバをインストールしたり設定したりする必要がない。 war ⇒ jar | G54: ・AI-01 | I54: ○ | J54: 0.0013888889
C55: =master!C35 -> おすすめ書籍：『プロになるためのSpring入門』 | G55: ・AI-01 | I55: ○ | J55: 0.00069444444
B56: =master!B37 -> 課題1の導入 | C56: =master!C37 -> 演習課題の概要 | D56: 課題1について説明する。 ※課題2は別紙なので今は気にしないことを伝える。 | G56: ・AI-04 | I56: ○ | J56: 0.00069444444
C57: =master!C38 -> 作成物 | D57: ECサイトをWebアプリケーションとして作成することを説明する。 ※イベント（注文の流れ）を説明する。 | G57: ・AI-04 | I57: ○ | J57: 0.00069444444
C58: =master!C39 -> 演習課題の進め方 | D58: 本演習は、以下の順で実施することを説明する。 ①Spring Bootプロジェクトの準備、起動確認 ②ECサイト Webアプリの要件 ③バイブコーディング演習 | G58: ・AI-04 | I58: ○ | J58: 0.013888889
B59: =master!B40 -> Spring Bootプロジェクトの_x000B_準備、起動確認 | C59: =master!C40 -> 前提条件 | G59: ・AI-04 | I59: ○ | J59: 0.00069444444
C60: =master!C41 -> Spring Bootプロジェクトの準備 | D60: VSコードでプロジェクトを開く。 ※ハンズオンとして実施する。 | G60: ・AI-04 | I60: ○ | J60: 0.0069444444
C61: =master!C42 -> （補足）Spring Bootプロジェクトの準備 | D61: 割愛する。 | G61: ・AI-04 | I61: ✕ | J61: 0
C62: =master!C43 -> Spring Bootアプリケーションの起動確認 | D62: プロジェクトを実行し、ブラウザで確認する。 1. ターミナルを開き、以下のコマンドを実行する。 mvn spring-boot:run 2. ブラウザを開き、以下を入力する。 http://localhost:8080 ※ハンズオンとして実施する。 | G62: ・AI-04 | I62: ○ | J62: 0.0069444444
B63: =master!B44 -> ECサイト Webアプリの要件 | C63: =master!C44 -> ECサイト Webアプリの要件 – はじめに | D63: Webアプリケーションの要件を説明する。 ・ビジネスルール（本演習で行うこと） ・禁止事項（本演習で行わないこと） | G63: ・AI-04 | I63: ○ | J63: 0.00069444444
C64: =master!C45 -> ECサイト Webアプリの要件➊ 画面 | D64: 本演習で作成する画面（仕様）の一覧は、以下であること説明する。 ・商品一覧画面：products.html ・商品詳細画面：products-detail.html ・カート画面：cart.html ・注文確認画面：order-confirm.html ・注文完了画面：order-complete.html 以下の仕様に従って実装する必要があることを伝える。 ・テンプレート＝Thymeleafテンプレート ・概要 ※プロンプトに記載が必要。 | G64: ・AI-04 | I64: ○ | J64: 0.00069444444
C65: =master!C46 -> ECサイト Webアプリの要件➋ 機能 | D65: 本演習で作成する機能（仕様）の一覧は、以下であること説明する。 ・商品一覧表示 ・商品詳細表示 ・カート追加 ・カート画面表示 ・カート数量更新 ・カート削除 ・注文確認画面表示 ・注文確定 ・注文完了画面表示 以下の仕様に従って実装する必要があることを伝える。 ・URLパス ・フォーム入力項目 ・表示内容/遷移先 ※プロンプトに記載が必要。 | G65: ・AI-04 | I65: ○ | J65: 0.00069444444
C66: =master!C47 -> ECサイト Webアプリの要件➌ 画面遷移 | D66: 本演習で作成するイベント名（仕様）の一覧は、以下であること説明する。 ・ボタン名 ・リンク名 ※プロンプトに記載が必要。 | G66: ・AI-04 | I66: ○ | J66: 0.0013888889
C67: =master!C48 -> ECサイト Webアプリの要件❹ データ設計 | D67: 本演習で作成するテーブル（仕様）の一覧は、以下であること説明する。 ・products ・cart_items ・orders ・order_items 以下の仕様に従って実装する必要があることを伝える。 ・テーブル名 ・項目名 ・SQL型（データ型） ・制約・形式 ※プロンプトに記載が必要。 | G67: ・AI-04 | I67: ○ | J67: 0.0020833333
C68: =master!C49 -> ECサイト Webアプリの要件❺ 初期データ | D68: 本演習で作成するproductsテーブルの初期データ（仕様）を説明する。 ※imageUrlにはプロジェクト内のパスの一部 ※プロンプトに記載が必要。 | G68: ・AI-04 | I68: ○ | J68: 0.00069444444
C69: =master!C50 -> ECサイト Webアプリの要件❻ ディレクトリ構成 | D69: 本演習で利用するプロジェクトのディレクトリ構成を説明する。 ※SpringBootで作成した。 | G69: ・AI-04 | I69: ○ | J69: 0.010416667
C70: =master!C51 -> ECサイト Webアプリの要件❼ パッケージ構成 | D70: 本演習で利用するプロジェクトのパッケージ構成（ファイル込み）を説明する。 ※サンプルとして説明する。 | G70: ・AI-04 | I70: ○ | J70: 0.0034722222
C71: =master!C52 -> ECサイト Webアプリの要件❽ リソース構成 | D71: 本演習で利用するプロジェクトのリソース構成（ファイル込み）を説明する。 ※サンプルとして説明する。 | G71: ・AI-04 | I71: ○ | J71: 0.00069444444
B72: =master!B53 -> ハンズオン | C72: =master!C53 -> バイブコーディング – はじめに | D72: 商品一覧画面（商品一覧表示機能）を一緒に作成することを説明する。 | G72: ・AI-04 | I72: ○ | J72: 0.010416667
C73: =master!C54 -> [構造理解] Webアプリケーションで必要なもの | D73: Webアプリケーションの構成要素を振り返る。 ・処理系 Controller、Service、Repository ・データ保持系 Form Model Entity ViewModel（今回は使わない） ・画面 Template | G73: ・AI-04 | I73: ○ | J73: 0.0013888889
C74: =master!C55 -> バイブコーディング➊ 画面モックアップを作ってデザインを決める | D74: 生成AIを利用して画面モックアップを作成する方法を説明する。 その後、実際にデモを行い、プロンプトの作成方法や活用方法を確認する。 ※テキスト内のプロンプトを利用して良い。 | G74: ・AI-04 | I74: ○ | J74: 0.013888889
D75: 受講生に以下を実施してもらう。 1. プロンプトを作成する。 2. プロンプトを実行し、成果物を生成する。 3. 生成された成果物を確認し、要件を満たしているかを確認する。 4. 必要に応じてプロンプトを改善し、成果物をブラッシュアップする。 | G75: ・AI-04
C76: =master!C56 -> バイブコーディング➋ データベースのテーブルを準備する | D76: 生成AIを利用してデータベースのテーブルを作成する方法を説明する。 その後、実際にデモを行い、プロンプトの作成方法や活用方法を確認する。 ※テキスト内のプロンプトを利用して良い。 | G76: ・AI-04 | I76: ○ | J76: 0.0013888889
D77: 受講生に以下を実施してもらう。 1. プロンプトを作成する。 2. プロンプトを実行し、成果物を生成する。 3. 生成された成果物を確認し、要件を満たしているかを確認する。 4. 必要に応じてプロンプトを改善し、成果物をブラッシュアップする。 | G77: ・AI-04
C78: =master!C57 -> バイブコーディング➌ データベースのデータを準備する | D78: 生成AIを利用してデータベースのテーブルの初期データを作成する方法を説明する。 その後、実際にデモを行い、プロンプトの作成方法や活用方法を確認する。 ※テキスト内のプロンプトを利用して良い。 | G78: ・AI-04 | I78: ○ | J78: 0.0013888889
D79: 受講生に以下を実施してもらう。 1. プロンプトを作成する。 2. プロンプトを実行し、成果物を生成する。 3. 生成された成果物を確認し、要件を満たしているかを確認する。 4. 必要に応じてプロンプトを改善し、成果物をブラッシュアップする。 | G79: ・AI-04
C80: =master!C58 -> バイブコーディング❹ データベース処理とビジネスロジックを作る | D80: 生成AIを利用してデータベース処理（Repository関連）とビジネスロジック（Service関連）を作成する方法を説明する。 その後、実際にデモを行い、プロンプトの作成方法や活用方法を確認する。 ※テキスト内のプロンプトを利用して良い。 | G80: ・AI-04 | I80: ○ | J80: 0.0034722222
D81: 受講生に以下を実施してもらう。 1. プロンプトを作成する。 2. プロンプトを実行し、成果物を生成する。 3. 生成された成果物を確認し、要件を満たしているかを確認する。 4. 必要に応じてプロンプトを改善し、成果物をブラッシュアップする。 | G81: ・AI-04
C82: =master!C59 -> [解説] RepositoryクラスとSQLの例（抜粋） | D82: 以下の概要を説明する。 ・Repository ・Mapper | G82: ・AI-04 | I82: ○ | J82: 0.0020833333
C83: =master!C60 -> [解説] Entity/Modelクラスの例（抜粋） | D83: 以下の概要を説明する。 ・Entity ・Model | G83: ・AI-04 | I83: ○ | J83: 0.0013888889
C84: =master!C61 -> [解説] Serviceクラスの例（抜粋） | D84: 以下の概要を説明する。 ・Service | G84: ・AI-04 | I84: ○ | J84: 0.00069444444
C85: =master!C62 -> バイブコーディング❺ モックアップをもとに画面表示/処理を作る | D85: 生成AIを利用して画面（Template）と処理（Controler関連）を作成する方法を説明する。 その後、実際にデモを行い、プロンプトの作成方法や活用方法を確認する。 ※テキスト内のプロンプトを利用して良い。 | G85: ・AI-04 | I85: ○ | J85: 0.0069444444
D86: 受講生に以下を実施してもらう。 1. プロンプトを作成する。 2. プロンプトを実行し、成果物を生成する。 3. 生成された成果物を確認し、要件を満たしているかを確認する。 4. 必要に応じてプロンプトを改善し、成果物をブラッシュアップする。 | G86: ・AI-04
C87: =master!C63 -> [解説] Controllerクラスの例（抜粋） | D87: 以下の概要を説明する。 ・Controller | G87: ・AI-04 | I87: ○ | J87: 0.0013888889
C88: =master!C64 -> [解説] Thymeleafテンプレートの例（抜粋） | D88: 以下の概要を説明する。 ・Template | G88: ・AI-04 | I88: ○ | J88: 0.0013888889
C89: =master!C65 -> [解説] Formクラスの例（抜粋） | D89: 以下の概要を説明する。 ・Form | G89: ・AI-04 | I89: ○ | J89: 0.00069444444
C90: =master!C66 -> バイブコーディング❻ 動作を確認する | D90: プロジェクトを実行し、ブラウザで確認する。 1. ターミナルを開き、以下のコマンドを実行する。 mvn spring-boot:run 2. ブラウザを開き、以下を入力する。 http://localhost:8080 | G90: ・AI-04 | I90: ○ | J90: 0.00069444444
D91: 受講生にアプリケーションの動作確認を実施してもらう。 ※既にアプリケーションが起動している場合は、ブラウザをリフレッシュするだけでよいことを伝える。 ※アプリケーションを二重に起動するとポートが競合し、正常に起動できない場合があることを説明する。 ※起動エラーが発生した場合、既存のアプリケーションを実行しているターミナルを停止し、再度起動することを伝える。 | G91: ・AI-04 | I91: ○ | J91: 0.0069444444
B92: =master!B69 -> Gitとは | C92: =master!C69 -> はじめに | D92: 本章では、以下の内容について説明することを伝える。 ・バージョン管理 ・Gitの概要 | G92: ・AI-07 | I92: ○ | J92: 0.0013888889
C93: =master!C70 -> バージョン管理とは | D93: バージョン管理とは、「ファイルの変更履歴を記録し、過去の状態を管理する仕組み」のこと。 バージョン管理の必要性について説明する。 | G93: ・AI-07 | I93: ○ | J93: 0.0020833333
C94: =master!C71 -> Gitの概要 | D94: Gitと「バージョン管理を実現するためのツールであり、現在最も広く利用されている分散型バージョン管理システム」のこと。 Gitの主な特徴 ・ファイルの変更履歴を記録できる。 ・過去の状態に戻すことができる。 ・変更内容の差分を確認できる。 ・複数人で共同作業できる。 以下のキーワードについて説明する。 ・中央集中型バージョン管理システム ・分散型バージョン管理システム | G94: ・AI-07 | I94: ○ | J94: 0.0020833333
B95: =master!B72 -> Gitの基本構成 | C95: =master!C72 -> はじめに | D95: 本章では、以下の内容について説明することを伝える。 ・ワーキングツリー ・ステージングエリア ・ローカルリポジトリ ・リモートリポジトリ | G95: ・AI-07 | I95: ○ | J95: 0.0013888889
C96: =master!C73 -> ワーキングツリー | D96: ワーキングツリー（Working Tree）とは、「実際にファイルの変更（作成・更新・削除）を行う作業領域」のこと。 ※この領域が起点となる。 | G96: ・AI-07 | I96: ○ | J96: 0.0020833333
C97: =master!C74 -> ステージングエリア | D97: ステージングエリア（Staging Area）とは、「ワーキングツリーで行った変更内容を一時的に登録するための領域」のこと。 | G97: ・AI-07 | I97: ○ | J97: 0.0020833333
C98: =master!C75 -> ローカルリポジトリ | D98: ローカルリポジトリ（Local Repository）とは、「コミットされた変更履歴やGitの管理情報を保存する領域」のこと。 | G98: ・AI-07 | I98: ○ | J98: 0.0020833333
C99: =master!C76 -> リモートリポジトリ | D99: リモートリポジトリ（Remote Repository）とは、「サーバー上で共有されるリポジトリ」のこと。 ※チームで共有する変更履歴を保存し、複数のメンバーが同じ変更履歴を参照しながら共同で開発を進めるために利用される。 | G99: ・AI-07 | I99: ○ | J99: 0.0020833333
B100: =master!B77 -> ローカルリポジトリの操作 | C100: =master!C77 -> はじめに | D100: 本章では、以下の内容について説明することを伝える。 ・リポジトリの作成 ・ファイルの変更 ・変更内容の確認 ・変更内容のステージ ・変更内容のコミット | G100: ・AI-07 | I100: ○ | J100: 0.00069444444
C101: =master!C78 -> リポジトリの作成 | D101: git init コマンドについて説明する。 ※現在のディレクトリがGitリポジトリとして初期化され、ローカルリポジトリが作成される。 | G101: ・AI-07 | I101: ○ | J101: 0.0013888889
C102: =master!C79 -> ファイルの変更 | D102: ワーキングツリーの操作（ファイルの変更）について説明する。 | G102: ・AI-07 | I102: ○ | J102: 0.0013888889
C103: =master!C80 -> 変更内容の確認 | D103: git status コマンドについて説明する。 ※ワーキングツリーとGitの管理情報との差異を確認でき、どのファイルが変更・追加・削除されているかを把握できる。 | G103: ・AI-07 | I103: ○ | J103: 0.0013888889
C104: =master!C81 -> 変更内容のステージ | D104: git add コマンドについて説明する。 ※ワーキングツリーで行われた変更をステージングエリアに登録することができる。 | G104: ・AI-07 | I104: ○ | J104: 0.0013888889
C105: =master!C82 -> 変更内容のコミット | D105: git commit コマンドについて説明する。 ※ステージングエリアにある変更内容がひとまとまりの変更履歴として保存され、リポジトリに反映される。 | G105: ・AI-07 | I105: ○ | J105: 0.0013888889
...

Sheet master
B1: AI Native-バイブコーディング
B2: 章の名称 | C2: 節の名称
B3: バイブコーディングの導入 | C3: 講義の目的
B4: Webアプリケーションとは | C4: Webアプリケーションとは
C5: Webアプリケーションの種類
C6: アプリケーションとは
C7: Web画面アプリケーション
C8: ブラウザからのリクエスト種類
B9: データベースとは | C9: データベースとは
C10: リレーショナルデータベース
C11: データベースの役割
C12: 2.1.テーブル
C13: 2.2.データ型１
C14: 2.2.データ型２
C15: 2.3.リレーション
C16: 2.4.データを結合して取得（Join）
B17: Java言語、Springフレームワークとは | C17: Webアプリケーションを作成するためのプログラミング言語
C18: Java
C19: Java言語の構成要素
C20: Webアプリケーションを構成するクラス
C21: Nレイヤーアーキテクチャ
C22: View と Controller と Service と Repository
C23: Nレイヤーアーキテクチャ
C24: Webアプリケーション フレームワーク
C25: Java向けWebアプリケーションフレームワーク
C26: Springフレームワーク
C27: Springフレームワーク：DIコンテナとは
C28: DIコンテナ：DIコンテナが部品を注入する
C29: DIコンテナ：DIコンテナによる部品と注入対象になるための目印
... C35: おすすめ書籍：『プロになるためのSpring入門』
B37: 課題1の導入 | C37: 演習課題の概要
C38: 作成物
C39: 演習課題の進め方
B40: Spring Bootプロジェクトの_x000B_準備、起動確認 | C40: 前提条件
C41: Spring Bootプロジェクトの準備
C42: （補足）Spring Bootプロジェクトの準備
C43: Spring Bootアプリケーションの起動確認
B44: ECサイト Webアプリの要件 | C44: ECサイト Webアプリの要件 – はじめに
C45: ECサイト Webアプリの要件➊ 画面
C46: ECサイト Webアプリの要件➋ 機能
C47: ECサイト Webアプリの要件➌ 画面遷移
C48: ECサイト Webアプリの要件❹ データ設計
C49: ECサイト Webアプリの要件❺ 初期データ
C50: ECサイト Webアプリの要件❻ ディレクトリ構成
C51: ECサイト Webアプリの要件❼ パッケージ構成
C52: ECサイト Webアプリの要件❽ リソース構成
B53: ハンズオン | C53: バイブコーディング – はじめに
C54: [構造理解] Webアプリケーションで必要なもの
C55: バイブコーディング➊ 画面モックアップを作ってデザインを決める
C56: バイブコーディング➋ データベースのテーブルを準備する
C57: バイブコーディング➌ データベースのデータを準備する
C58: バイブコーディング❹ データベース処理とビジネスロジックを作る
C59: [解説] RepositoryクラスとSQLの例（抜粋）
C60: [解説] Entity/Modelクラスの例（抜粋）
C61: [解説] Serviceクラスの例（抜粋）
C62: バイブコーディング❺ モックアップをもとに画面表示/処理を作る
C63: [解説] Controllerクラスの例（抜粋）
C64: [解説] Thymeleafテンプレートの例（抜粋）
C65: [解説] Formクラスの例（抜粋）
C66: バイブコーディング❻ 動作を確認する
B67: 課題1の実施 | C67: ここから各自で演習を始めましょう。
B69: Gitとは | C69: はじめに
C70: バージョン管理とは
C71: Gitの概要
B72: Gitの基本構成 | C72: はじめに
C73: ワーキングツリー
C74: ステージングエリア
C75: ローカルリポジトリ
C76: リモートリポジトリ
B77: ローカルリポジトリの操作 | C77: はじめに
C78: リポジトリの作成
C79: ファイルの変更
C80: 変更内容の確認
C81: 変更内容のステージ
C82: 変更内容のコミット
C83: ワーキングツリーの変更の取り消し
C84: ステージングの取り消し
C85: コミットの打ち消し
B86: リモートリポジトリの操作 | C86: はじめに
C87: リポジトリの複製
C88: リモートからの取得
C89: リモートからの取得と反映
C90: リモートへの反映
B91: ブランチの操作 | C91: はじめに
C92: ブランチとは
C93: ブランチの作成
C94: ブランチの切り替え
C95: ブランチのマージ
C96: コンフリクトの解消
B97: VSCodeによるGitの操作 | C97: はじめに
C98: VSCodeのソース管理機能
C99: ローカルリポジトリの操作
C100: リモートリポジトリの操作
C101: ブランチの操作
B103: 演習の概要について | C103: はじめに
C104: 構成
C105: 利用するソフトウェア
B106: ローカルリポジトリの操作 | C106: 演習の前に
C107: リポジトリの作成
C108: 変更内容の確認
...
